{"cameraMode":{"drawMode":0,"name":"Shaded","section":"Shading Mode"},"sceneLighting":true,"audioPlay":false,"sceneViewState":{"m_AlwaysRefresh":false,"showFog":true,"showSkybox":true,"showFlares":true,"showImageEffects":true,"showParticleSystems":true,"showVisualEffectGraphs":true,"m_FxEnabled":true},"in2DMode":false,"pivot":{"x":2.514570951461792,"y":2.2452142238616945,"z":2.863013505935669},"rotation":{"x":-0.10534124821424484,"y":0.8925726413726807,"z":-0.34087270498275759,"w":-0.2758057415485382},"size":0.01864980161190033,"orthographic":false}